{"horizon": 12, "RSE": 0.9769325596467087, "CORR": 0.1405409241540068}