{"horizon": 3, "RSE": 0.21492478297703382, "CORR": 0.9782873048863586}