{"horizon": 6, "RSE": 0.26260919054242315, "CORR": 0.9657423148341282}