{"horizon": 24, "RSE": 0.9380846526287071, "CORR": 0.10456703726970235}