{"horizon": 6, "RSE": 0.34128859747550067, "CORR": 0.9404945229720759}