{"horizon": 3, "RSE": 0.2589139002289877, "CORR": 0.9672982081605065}