{"horizon": 24, "RSE": 0.4112549075859332, "CORR": 0.9100858082614002}