{"horizon": 6, "RSE": 0.9804901547397882, "CORR": 0.08865749464210783}