{"horizon": 6, "RSE": 1.0349460951361409, "CORR": 0.16039691536489512}