{"horizon": 3, "RSE": 0.8606975817772227, "CORR": 0.39313096089977406}