{"horizon": 3, "RSE": 0.9125704401893053, "CORR": 0.2836945046832502}