{"horizon": 3, "RSE": 0.8527651601811551, "CORR": 0.3877665306724164}