{"horizon": 24, "RSE": 0.9580177186117772, "CORR": 0.06742192555734837}