{"horizon": 12, "RSE": 0.9568477389360514, "CORR": 0.087684755247076}