{"horizon": 12, "RSE": 0.44588901336918196, "CORR": 0.8942322515204455}