{"horizon": 12, "RSE": 0.3267335601796195, "CORR": 0.947267007163364}